<?xml version="1.0" encoding="UTF-8" standalone="yes"?>
<dataModelToXML>
    <rssToXml>
        <author></author>
        <publishDate>2016-12-16T19:57:23+04:00</publishDate>
        <title>Опубликован график выдачи новогодних подарков</title>
    </rssToXml>
    <rssToXml>
        <author></author>
        <publishDate>2016-12-16T19:34:29+04:00</publishDate>
        <title>Стали известны сроки сдачи школьных экзаменов в 2017 году</title>
    </rssToXml>
    <rssToXml>
        <author></author>
        <publishDate>2016-12-16T19:02:38+04:00</publishDate>
        <title>Госдума приняла в первом чтении законопроект о платном въезде в города</title>
    </rssToXml>
    <rssToXml>
        <author></author>
        <publishDate>2016-12-16T18:37:29+04:00</publishDate>
        <title>В Краеведческом музее открыта вторая часть главной исторической экспозиции города</title>
    </rssToXml>
    <rssToXml>
        <author></author>
        <publishDate>2016-12-16T18:05:27+04:00</publishDate>
        <title>В выходные погода будет аномально холодной</title>
    </rssToXml>
    <rssToXml>
        <author></author>
        <publishDate>2016-12-16T17:35:48+04:00</publishDate>
        <title>Ссора между тольяттинцами закончилась возбуждением уголовного дела</title>
    </rssToXml>
    <rssToXml>
        <author></author>
        <publishDate>2016-12-16T17:05:48+04:00</publishDate>
        <title>Около миллиона пенсионеров в Самарской области получат выплату 5000 рублей</title>
    </rssToXml>
    <rssToXml>
        <author></author>
        <publishDate>2016-12-16T16:34:27+04:00</publishDate>
        <title>В Тольятти прошел рейд по должникам за услуги ЖКХ</title>
    </rssToXml>
    <rssToXml>
        <author></author>
        <publishDate>2016-12-16T16:04:27+04:00</publishDate>
        <title>ТОАЗ проведет служебную проверку по факту обнаружения запрещенных предметов</title>
    </rssToXml>
</dataModelToXML>
